entry_id,name_it,name_ja,name_en,item,sub_item,region,certification,status
IT-VEG-GAR-001,Aglio Bianco Piacentino,ピアチェンツァ白ニンニク,Piacenza White Garlic,ニンニク,白ニンニク,Emilia-Romagna,IGP,pending
IT-VEG-GAR-002,Aglio Bianco Polesano,ポレージネ白ニンニク,Polesano White Garlic,ニンニク,白ニンニク,Veneto,DOP,pending
IT-VEG-GAR-003,Aglio di Voghiera,ヴォギエーラのニンニク,Voghiera Garlic,ニンニク,,Emilia-Romagna,DOP,pending
IT-VEG-ASP-001,Asparago Bianco di Bassano,バッサーノの白アスパラガス,White Asparagus of Bassano,アスパラガス,白アスパラガス,Veneto,DOP,pending
IT-VEG-ASP-002,Asparago Bianco di Cimadolmo,チマドルモの白アスパラガス,White Asparagus of Cimadolmo,アスパラガス,白アスパラガス,Veneto,IGP,pending
IT-VEG-ASP-003,Asparago di Badoere,バドエーレのアスパラガス,Asparagus of Badoere,アスパラガス,,Veneto,IGP,pending
IT-VEG-ASP-004,Asparago di Cantello,カンテッロのアスパラガス,Asparagus of Cantello,アスパラガス,,Lombardia,IGP,pending
IT-VEG-ASP-005,Asparago Verde di Altedo,アルテードの緑アスパラガス,Green Asparagus of Altedo,アスパラガス,グリーンアスパラガス,Emilia-Romagna,IGP,pending
IT-VEG-ASP-006,Asparago Verde di Canino,カニーノの緑アスパラガス,Green Asparagus of Canino,アスパラガス,グリーンアスパラガス,Lazio,IGP,pending
IT-VEG-HRB-001,Basilico Genovese,ジェノヴェーゼバジル,Genovese Basil,バジル|ハーブ,,Liguria,DOP,pending
IT-VEG-ROT-001,Brovada,ブロヴァーダ（発酵カブ）,Brovada,カブ,発酵カブ,Friuli Venezia Giulia,DOP,pending
IT-VEG-CAP-001,Cappero delle Isole Eolie,エオリア諸島のケッパー,Caper of the Aeolian Islands,ケッパー,,Sicilia,DOP,pending
IT-VEG-CAP-002,Cappero di Pantelleria,パンテッレリーアのケッパー,Caper of Pantelleria,ケッパー,,Sicilia,IGP,pending
IT-VEG-ART-001,Carciofo Brindisino,ブリンディジのアーティチョーク,Brindisi Artichoke,アーティチョーク,,Puglia,IGP,pending
IT-VEG-ART-002,Carciofo di Paestum,パエストゥムのアーティチョーク,Paestum Artichoke,アーティチョーク,,Campania,IGP,pending
IT-VEG-ART-003,Carciofo Romanesco del Lazio,ラツィオのロマネスコアーティチョーク,Romanesco Artichoke of Lazio,アーティチョーク,ロマネスコ種,Lazio,IGP,pending
IT-VEG-ART-004,Carciofo Spinoso di Sardegna,サルデーニャのトゲアーティチョーク,Thorny Artichoke of Sardinia,アーティチョーク,スピノーゾ種,Sardegna,DOP,pending
IT-VEG-CRT-001,Carota dell'Altopiano del Fucino,フチーノ高原のニンジン,Carrot of the Fucino Plateau,ニンジン,,Abruzzo,IGP,pending
IT-VEG-CRT-002,Carota Novella di Ispica,イスピカの新ニンジン,New Carrot of Ispica,ニンジン,新ニンジン,Sicilia,IGP,pending
IT-VEG-CLF-001,Cavolfiore della Piana del Sele,セーレ平野のカリフラワー,Cauliflower of the Sele Plain,カリフラワー,,Campania,IGP,pending
IT-VEG-ONI-001,Cipolla Bianca di Margherita,マルゲリータの白タマネギ,White Onion of Margherita,タマネギ,白タマネギ,Puglia,IGP,pending
IT-VEG-ONI-002,Cipolla Rossa di Tropea Calabria,トロペア赤タマネギ,Red Onion of Tropea Calabria,タマネギ,赤タマネギ,Calabria,IGP,pending
IT-VEG-ONI-003,Cipollotto Nocerino,ノチェリーノの小タマネギ,Nocerino Spring Onion,タマネギ,小タマネギ,Campania,DOP,pending
IT-VEG-BEN-001,Fagioli Bianchi di Rotonda,ロトンダの白インゲン,White Beans of Rotonda,インゲン豆,白インゲン,Basilicata,DOP,pending
IT-VEG-BEN-002,Fagiolo Cannellino di Atina,アティーナのカンネッリーノ豆,Cannellino Bean of Atina,インゲン豆,カンネッリーノ,Lazio,DOP,pending
IT-VEG-BEN-003,Fagiolo Cuneo,クーネオのインゲン豆,Cuneo Bean,インゲン豆,,Piemonte,IGP,pending
IT-VEG-BEN-004,Fagiolo di Lamon della Vallata Bellunese,ラモンのインゲン豆,Lamon Bean of the Belluno Valley,インゲン豆,,Veneto,IGP,pending
IT-VEG-BEN-005,Fagiolo di Sarconi,サルコーニのインゲン豆,Sarconi Bean,インゲン豆,,Basilicata,IGP,pending
IT-VEG-BEN-006,Fagiolo di Sorana,ソラーナのインゲン豆,Sorana Bean,インゲン豆,,Toscana,IGP,pending
IT-VEG-FEN-001,Finocchio di Isola Capo Rizzuto,イゾラ・カーポ・リッズートのフェンネル,Fennel of Isola Capo Rizzuto,フェンネル,,Calabria,IGP,pending
IT-VEG-MUS-001,Fungo di Borgotaro,ボルゴターロのポルチーニ茸,Borgotaro Porcini Mushroom,キノコ,ポルチーニ,Emilia-Romagna,IGP,pending
IT-VEG-LEF-001,Insalata di Lusia,ルージアのレタス,Lusia Lettuce,レタス,,Veneto,IGP,pending
IT-VEG-OLV-001,La Bella della Daunia,ラ・ベッラ・デッラ・ダウニア（テーブルオリーブ）,La Bella della Daunia Table Olive,オリーブ,テーブルオリーブ,Puglia,DOP,pending
IT-VEG-LNT-001,Lenticchia di Altamura,アルタムーラのレンズ豆,Altamura Lentil,レンズ豆,,Puglia,IGP,pending
IT-VEG-LNT-002,Lenticchia di Castelluccio di Norcia,カステッルッチョ・ディ・ノルチャのレンズ豆,Castelluccio di Norcia Lentil,レンズ豆,,Umbria,IGP,pending
IT-VEG-LNT-003,Lenticchia di Onano,オナーノのレンズ豆,Onano Lentil,レンズ豆,,Lazio,IGP,pending
IT-VEG-EGG-001,Melanzana Rossa di Rotonda,ロトンダの赤ナス,Red Eggplant of Rotonda,ナス,赤ナス,Basilicata,DOP,pending
IT-VEG-OLV-002,Nocellara del Belice,ノチェッラーラ・デル・ベリチェ（テーブルオリーブ）,Nocellara del Belice Table Olive,オリーブ,テーブルオリーブ,Sicilia,DOP,pending
IT-VEG-OLV-003,Oliva Ascolana del Piceno,アスコリ・ピチェーノのオリーブ,Ascolana Olive of Piceno,オリーブ,テーブルオリーブ,Marche,DOP,pending
IT-VEG-OLV-004,Oliva di Gaeta,ガエータのオリーブ,Gaeta Olive,オリーブ,テーブルオリーブ,Lazio,DOP,pending
IT-VEG-OLV-005,Olive Taggiasche Liguri,タッジャスカ・リグーリのオリーブ,Ligurian Taggiasca Olives,オリーブ,テーブルオリーブ,Liguria,IGP,pending
IT-VEG-POT-001,Patata del Fucino,フチーノのジャガイモ,Fucino Potato,ジャガイモ,,Abruzzo,IGP,pending
IT-VEG-POT-002,Patata dell'Alto Viterbese,アルト・ヴィテルベーゼのジャガイモ,Alto Viterbese Potato,ジャガイモ,,Lazio,IGP,pending
IT-VEG-POT-003,Patata della Sila,シラのジャガイモ,Sila Potato,ジャガイモ,,Calabria,IGP,pending
IT-VEG-POT-004,Patata di Bologna,ボローニャのジャガイモ,Bologna Potato,ジャガイモ,,Emilia-Romagna,DOP,pending
IT-VEG-POT-005,Patata Novella di Galatina,ガラティーナの新ジャガイモ,New Potato of Galatina,ジャガイモ,新ジャガイモ,Puglia,DOP,pending
IT-VEG-POT-006,Patata Rossa di Colfiorito,コルフィオリートの赤ジャガイモ,Red Potato of Colfiorito,ジャガイモ,赤ジャガイモ,Umbria,IGP,pending
IT-VEG-PEP-001,Peperone di Pontecorvo,ポンテコルヴォのピーマン,Pontecorvo Pepper,ピーマン|ペッパー,,Lazio,DOP,pending
IT-VEG-PEP-002,Peperone di Senise,セニーゼのピーマン,Senise Pepper,ピーマン|ペッパー,,Basilicata,IGP,pending
IT-VEG-TOM-001,Pomodorino del Piennolo del Vesuvio,ヴェスヴィオのピエンノロミニトマト,Piennolo Cherry Tomato of Vesuvius,トマト,ミニトマト,Campania,DOP,pending
IT-VEG-TOM-002,Pomodoro di Pachino,パキーノのトマト,Pachino Tomato,トマト,,Sicilia,IGP,pending
IT-VEG-TOM-003,Pomodoro San Marzano dell'Agro Sarnese-Nocerino,サンマルツァーノトマト,San Marzano Tomato,トマト,加工用トマト,Campania,DOP,pending
IT-VEG-TOM-004,Costoluto Fiorentino,コストルート・フィオレンティーノ,Costoluto Fiorentino Tomato,トマト,リブ付きトマト,Toscana,PAT,pending
IT-VEG-TOM-005,Pomodoro Siccagno,シッカーニョトマト,Siccagno Tomato,トマト,乾燥栽培トマト,Sicilia,PAT,pending
IT-VEG-TOM-006,Pomodoro Regina di Torre Canne,レジーナ・ディ・トッレ・カンネ,Regina di Torre Canne Tomato,トマト,保存用トマト,Puglia,Presidio,pending
IT-VEG-TOM-007,Pomodoro Riccio di Parma,リッチョ・ディ・パルマ,Riccio di Parma Tomato,トマト,加工用トマト,Emilia-Romagna,PAT,pending
IT-VEG-TOM-008,Pomodoro Camone,カモーネトマト,Camone Tomato,トマト,,Sardegna,PAT,pending
IT-VEG-TOM-009,Pomodoro di Belmonte,ベルモンテトマト,Belmonte Tomato,トマト,大玉トマト,Calabria,PAT,pending
IT-VEG-CHI-001,Radicchio di Chioggia,キオッジャのラディッキオ,Chioggia Radicchio,チコリー|ラディッキオ,,Veneto,IGP,pending
IT-VEG-CHI-002,Radicchio di Verona,ヴェローナのラディッキオ,Verona Radicchio,チコリー|ラディッキオ,,Veneto,IGP,pending
IT-VEG-CHI-003,Radicchio Rosso di Treviso,トレヴィーゾの赤ラディッキオ,Red Radicchio of Treviso,チコリー|ラディッキオ,赤ラディッキオ,Veneto,IGP,pending
IT-VEG-CHI-004,Radicchio Variegato di Castelfranco,カステルフランコの斑入りラディッキオ,Variegated Radicchio of Castelfranco,チコリー|ラディッキオ,斑入りラディッキオ,Veneto,IGP,pending
IT-VEG-LEF-002,Rucola della Piana del Sele,セーレ平野のルッコラ,Arugula of the Sele Plain,ルッコラ|ハーブ,,Campania,IGP,pending
IT-VEG-ONI-004,Scalogno di Romagna,ロマーニャのエシャロット,Romagna Shallot,タマネギ|エシャロット,,Emilia-Romagna,IGP,pending
IT-VEG-CEL-001,Sedano Bianco di Sperlonga,スペルロンガの白セロリ,White Celery of Sperlonga,セロリ,白セロリ,Lazio,IGP,pending
IT-VEG-KAL-001,Cavolo Nero di Toscana,トスカーナのカーボロネロ,Tuscan Black Kale (Lacinato),ケール・カーボロネロ,カーボロネロ,Toscana,PAT,pending
IT-VEG-KAL-002,Cavolo Riccio (Cole Rizze),プーリアのカーボロ・リッチョ,Curly Kale (Cole Rizze),ケール・カーボロネロ,カーボロ・リッチョ,Puglia,PAT,pending
IT-VEG-ART-005,Carciofo Violetto di Sant'Erasmo,サンテラズモの紫アーティチョーク,Violet Artichoke of Sant'Erasmo,アーティチョーク,ヴィオレット種,Veneto,Presidio,pending
IT-VEG-BRC-001,Broccolo Fiolaro di Creazzo,クレアッツォのフィオラーロ・ブロッコリー,Fiolaro Broccoli of Creazzo,ブロッコリー,フィオラーロ,Veneto,De.Co./PAT,pending
IT-VEG-BRC-002,Broccolo di Torbole,トルボレのブロッコリー,Broccoli of Torbole,ブロッコリー,,Trentino-Alto Adige,Presidio,pending
IT-VEG-BRC-003,Broccolo Romanesco,ブロッコロ・ロマネスコ,Romanesco Broccoli,ブロッコリー|カリフラワー,ロマネスコ,Lazio,PAT,pending
IT-VEG-BRC-004,Broccolo Aprilatico di Paternopoli,パテルノーポリのアプリラーティコ・ブロッコリー,Aprilatico Broccoli of Paternopoli,ブロッコリー,,Campania,Presidio,pending
IT-VEG-BRC-005,Broccolo di Rapa di Bisignano,ビジニャーノのブロッコリー・ディ・ラーパ,Broccoli Rabe of Bisignano,ブロッコリー,,Calabria,PAT,pending
IT-VEG-ZUC-001,Cocozella di Napoli,ココツェッラ・ディ・ナポリ,Cocozella di Napoli,ズッキーニ,ナポリ系,Campania,PAT,pending
IT-VEG-ZUC-002,Zucchino Romanesco,ズッキーノ・ロマネスコ,Romanesco Zucchini,ズッキーニ,ロマネスコ,Lazio,PAT,pending
IT-VEG-ZUC-003,Zucchino Fiorentino,ズッキーノ・フィオレンティーノ,Florentine Zucchini,ズッキーニ,,Toscana,PAT,pending
IT-VEG-ZUC-004,Trombetta di Albenga,アルベンガのトロンベッタ,Trombetta of Albenga,ズッキーニ,トロンベッタ,Liguria,De.Co./PAT,pending
IT-VEG-ZUC-005,Nero di Milano,ネロ・ディ・ミラノ,Black of Milan Zucchini,ズッキーニ,ミラノ系,Lombardia,Traditional,pending
IT-VEG-ZUC-006,Zucchina di Misilmeri,ミシルメリのズッキーナ,Zucchini of Misilmeri,ズッキーニ,,Sicilia,Traditional,pending
IT-VEG-ZUC-007,Tonda di Piacenza,トンダ・ディ・ピアチェンツァ,Round of Piacenza Zucchini,ズッキーニ,丸型,Emilia-Romagna,Traditional,pending
IT-VEG-CAB-001,Cavolo Verza di Montalto Dora,モンタルト・ドーラのヴェルザ,Savoy Cabbage of Montalto Dora,結球キャベツ,ヴェルザ,Piemonte,PAT,pending
IT-VEG-CAB-002,Cavolo dell'Adige,アディジェのキャベツ,Cabbage of the Adige,結球キャベツ,,Veneto,PAT,pending
IT-VEG-CAB-003,Cavolo Cappuccio di Vinigo di Cadore,ヴィニーゴのカップッチョ,Cabbage of Vinigo di Cadore,結球キャベツ,カップッチョ,Veneto,PAT,pending
IT-VEG-CAB-004,Cavolo Cappuccio di Collina,コッリーナのカップッチョ,Cabbage of Collina,結球キャベツ,カップッチョ,Friuli Venezia Giulia,PAT,pending
IT-VEG-KOR-001,Cavolo Trunzo di Aci,アチのトロンゾキャベツ,Trunzo Kohlrabi of Aci,コールラビ,トロンゾ,Sicilia,Presidio,pending
IT-VEG-KOR-002,Chepe de Murte,ケープ・デ・ムルテ,Chepe de Murte Kohlrabi,コールラビ,,Puglia,PAT,pending
IT-VEG-KOR-003,Grucciolo di Putignano,グルッチョロ・ディ・プティニャーノ,Grucciolo of Putignano,コールラビ,,Puglia,Traditional,pending
IT-VEG-CIM-001,Cima di rapa di Minervino Murge,ミネルヴィーノ・ムルジェのチーメ・ディ・ラーパ,Turnip Greens of Minervino Murge,チーメ・ディ・ラーパ,,Puglia,PAT,pending
IT-VEG-CIM-002,Friarielli,フリアリエッリ,Friarielli (Neapolitan Turnip Greens),チーメ・ディ・ラーパ|フリアリエッリ,,Campania,PAT,pending
IT-VEG-CIM-003,Broccoletto di Anguillara,アングイッラーラのブロッコレッティ,Broccoletti of Anguillara,チーメ・ディ・ラーパ|ブロッコレッティ,,Lazio,PAT,pending
IT-VEG-ROT-002,Rapa di Caprauna,カプラウナのカブ,Turnip of Caprauna,カブ,,Piemonte,Presidio,pending
IT-VEG-ROT-003,Rapa di Milano colletto viola,ミラノの紫首カブ,Milan Purple Collar Turnip,カブ,,Lombardia,Traditional,pending
IT-VEG-ROT-004,Rapa catalogna di Roccasecca,ロッカセッカのカタローニャカブ,Roccasecca Catalogna Turnip,カブ,,Lazio,PAT,pending
IT-VEG-ASP-007,Asparago Violetto di Albenga,アルベンガの紫アスパラガス,Violet Asparagus of Albenga,アスパラガス,紫アスパラガス,Liguria,Presidio,pending
IT-VEG-ASP-008,Asparago Rosa di Mezzago,メッツァーゴのピンクアスパラガス,Pink Asparagus of Mezzago,アスパラガス,ピンクアスパラガス,Lombardia,De.Co.,pending
IT-VEG-ASP-009,Asparago di Santena,サンテーナのアスパラガス,Asparagus of Santena,アスパラガス,,Piemonte,PAT,pending
IT-VEG-ASP-010,Asparago di Montine,モンティーネのアスパラガス,Asparagus of Montine,アスパラガス,,Veneto,De.Co./PAT,pending
IT-VEG-CHI-005,Cicoria di Galatina,ガラティーナのチコリー,Chicory of Galatina,チコリー|ラディッキオ,チコリー・ヴェルデ,Puglia,PAT,pending
IT-VEG-CHI-006,Cicoria Molfettese,モルフェッタのチコリー,Molfetta Chicory,チコリー|ラディッキオ,チコリー・ヴェルデ,Puglia,PAT,pending
IT-VEG-CHI-007,Catalogna di Gaeta,ガエータのカタローニャ,Catalogna of Gaeta,チコリー|ラディッキオ,カタローニャ,Lazio,PAT,pending
IT-VEG-CHI-008,Cicoria Bianca di Milano,ミラノの白チコリー,White Chicory of Milan,チコリー|ラディッキオ,白チコリー,Lombardia,Traditional,pending
IT-VEG-CHI-009,Cicoria Pan di Zucchero Casalese,カザーレのパン・ディ・ズッケロ,Pan di Zucchero Chicory of Casale,チコリー|ラディッキオ,パン・ディ・ズッケロ,Piemonte,PAT,pending
IT-VEG-CHI-010,Cicoria Zuccherina di Trieste,トリエステのズッケリーナ,Sugar Chicory of Trieste,チコリー|ラディッキオ,ズッケリーナ,Friuli Venezia Giulia,Traditional,pending
IT-VEG-GAR-004,Aglio Rosso di Sulmona,スルモーナの赤ニンニク,Red Garlic of Sulmona,ニンニク,赤ニンニク,Abruzzo,PAT/Presidio,pending
IT-VEG-GAR-005,Aglio di Vessalico,ヴェッサリコのニンニク,Garlic of Vessalico,ニンニク,,Liguria,PAT/Presidio,pending
IT-VEG-GAR-006,Aglio di Resia (Strok),レージアのニンニク（ストロク）,Garlic of Resia (Strok),ニンニク,,Friuli Venezia Giulia,PAT/Presidio,pending
IT-VEG-GAR-007,Aglio Rosso di Nubia,ヌビアの赤ニンニク,Red Garlic of Nubia,ニンニク,赤ニンニク,Sicilia,PAT/Presidio,pending
IT-VEG-ONI-005,Cipolla di Giarratana,ジャッラターナのタマネギ,Onion of Giarratana,タマネギ,,Sicilia,Presidio,pending
IT-VEG-ONI-006,Cipolla Ramata di Montoro,モントーロの銅色タマネギ,Copper Onion of Montoro,タマネギ,ラマータ,Campania,Presidio,pending
IT-VEG-ONI-007,Cipolla di Alife,アリーフェのタマネギ,Onion of Alife,タマネギ,,Campania,Presidio,pending
IT-VEG-ONI-008,Cipolla Rossa di Acquaviva delle Fonti,アクアヴィーヴァの赤タマネギ,Red Onion of Acquaviva delle Fonti,タマネギ,赤タマネギ,Puglia,Presidio,pending
IT-VEG-ONI-009,Cipolla di Cannara,カンナーラのタマネギ,Onion of Cannara,タマネギ,,Umbria,PAT,pending
IT-VEG-ONI-010,Cipolla Borettana,ボレッターナのタマネギ,Borettana Onion,タマネギ,ボレッターナ,Emilia-Romagna,De.Co.,pending
IT-VEG-ONI-011,Cipolla di Certaldo,チェルタルドのタマネギ,Onion of Certaldo,タマネギ,,Toscana,Presidio,pending
IT-VEG-ONI-012,Cipolla di Fara Filiorum Petri,ファーラ・フィリオルム・ペトリのタマネギ,Onion of Fara Filiorum Petri,タマネギ,,Abruzzo,Presidio,pending
IT-VEG-ONI-013,Cipolla di Banari,バナーリのタマネギ,Onion of Banari,タマネギ,,Sardegna,PAT,pending
IT-VEG-ONI-014,Cipolla Rossa di Cavasso Nuovo,カヴァッソ・ヌオーヴォの赤タマネギ,Red Onion of Cavasso Nuovo,タマネギ,赤タマネギ,Friuli Venezia Giulia,Presidio,pending
IT-VEG-ONI-015,Cipolla di Zapponeta,ザッポネータのタマネギ,Onion of Zapponeta,タマネギ,,Puglia,PAT,pending
IT-VEG-CHP-001,Cece Rosso di Orco Feglino,オルコ・フェリーノの赤ヒヨコマメ,Red Chickpea of Orco Feglino,ヒヨコマメ,赤ヒヨコマメ,Liguria,Presidio,pending
IT-VEG-CHP-002,Cece Piccino del Chianti,キアンティの小粒ヒヨコマメ,Small Chickpea of Chianti,ヒヨコマメ,小粒,Toscana,PAT,pending
IT-VEG-CHP-003,Cece Rosa di Reggello,レッジェッロのピンクヒヨコマメ,Pink Chickpea of Reggello,ヒヨコマメ,ピンク,Toscana,PAT,pending
IT-VEG-CHP-004,Cece Rugoso Maremmano,マレンマのしわヒヨコマメ,Wrinkled Chickpea of Maremma,ヒヨコマメ,ルゴーゾ,Toscana,PAT,pending
IT-VEG-CHP-005,Cece di Colfiorito,コルフィオリトのヒヨコマメ,Chickpea of Colfiorito,ヒヨコマメ,,Umbria,PAT,pending
IT-VEG-CHP-006,Cece di Spello,スペッロのヒヨコマメ,Chickpea of Spello,ヒヨコマメ,,Umbria,PAT,pending
IT-VEG-CHP-007,Cece del Solco Dritto,ソルコ・ドリットのヒヨコマメ,Chickpea of Solco Dritto,ヒヨコマメ,,Lazio,PAT,pending
IT-VEG-CHP-008,Cece di Cicerale,チチェラーレのヒヨコマメ,Chickpea of Cicerale,ヒヨコマメ,,Campania,Presidio,pending
IT-VEG-CHP-009,Cece di Teano,テアーノのヒヨコマメ,Chickpea of Teano,ヒヨコマメ,,Campania,Presidio,pending
IT-VEG-CHP-010,Cece Nero della Murgia Carsica,ムルジャの黒ヒヨコマメ,Black Chickpea of Murgia Carsica,ヒヨコマメ,黒ヒヨコマメ,Puglia,Presidio,pending
IT-VEG-CHP-011,Cece Rosso di Cianciana,チャンチャーナの赤ヒヨコマメ,Red Chickpea of Cianciana,ヒヨコマメ,赤ヒヨコマメ,Sicilia,PAT,pending
IT-VEG-PEA-001,Biso di Borso,ボルソ・デル・グラッパのビーゾ,Biso of Borso del Grappa,エンドウマメ,,Veneto,De.Co.,pending
IT-VEG-PEA-002,Verdone Nano di Cognola ai Colli,コニョーラ・アイ・コッリのヴェルドーネ・ナーノ,Verdone Nano of Cognola ai Colli,エンドウマメ,矮性種,Veneto,De.Co.,pending
IT-VEG-PEA-003,Pisello di Lavagna,ラヴァーニャのエンドウ,Pea of Lavagna,エンドウマメ,,Liguria,PAT,pending
IT-VEG-PEA-004,Pisello Centogiorni,チェントジョルニ（百日エンドウ）,Centogiorni Pea,エンドウマメ,百日種,Campania,Presidio,pending
IT-VEG-PEA-005,Pisello Nano di Zollino,ゾッリーノの矮性エンドウ,Dwarf Pea of Zollino,エンドウマメ,矮性種,Puglia,PAT,pending
IT-VEG-PEA-006,Pisello Secco di Vitigliano,ヴィティリアーノの乾燥エンドウ,Dried Pea of Vitigliano,エンドウマメ,乾燥用,Puglia,PAT,pending
IT-VEG-PEA-007,Roveja,ロヴェジャ,Roveja,エンドウマメ,野生種近縁,Umbria,Presidio,pending
IT-VEG-PEA-008,Pisello Riccio di Sannicola,サンニコラの縮れエンドウ,Curly Pea of Sannicola,エンドウマメ,縮れ種,Puglia,PAT,pending
IT-VEG-PEA-009,Pisello di Casalborgone,カザルボルゴーネのエンドウ,Pea of Casalborgone,エンドウマメ,,Piemonte,PAT,pending
IT-VEG-FVB-001,Fava Larga di Leonforte,レオンフォルテの大粒ソラマメ,Broad Bean of Leonforte,ソラマメ,大粒種,Sicilia,IGP,pending
IT-VEG-FVB-002,Fava Cottoia di Modica,モディカのコットーイア・ソラマメ,Cottoia Fava Bean of Modica,ソラマメ,コットーイア,Sicilia,PAT,pending
IT-VEG-FVB-003,Fava di Carpino,カルピーノのソラマメ,Fava Bean of Carpino,ソラマメ,,Puglia,Presidio,pending
IT-VEG-FVB-004,Fava di Zollino,ゾッリーノのソラマメ,Fava Bean of Zollino,ソラマメ,,Puglia,PAT,pending
IT-VEG-FVB-005,Fava di Fratte Rosa,フラッテ・ローザのソラマメ,Fava Bean of Fratte Rosa,ソラマメ,,Marche,PAT,pending
IT-VEG-FVB-006,Fava di Sauris,サウリスのソラマメ,Fava Bean of Sauris,ソラマメ,,Friuli Venezia Giulia,PAT,pending
IT-VEG-CRT-003,Carota di Polignano,ポリニャーノの多色人参,Polignano Carrot,ニンジン,多色,Puglia,Presidio,pending
IT-VEG-CRT-004,Pestanaca di Sant'Ippazio,聖ヒュパティオスのペスタナカ,Pestanaca of Sant'Ippazio,ニンジン,紫,Puglia,PAT,pending
IT-VEG-CRT-005,Carota di San Rocco Castagnaretta,サン・ロッコ・カスタニャレッタの人参,Carrot of San Rocco Castagnaretta,ニンジン,,Piemonte,PAT,pending
IT-VEG-CRT-006,Carota Gialla di Chieri,キエーリの黄色人参,Yellow Carrot of Chieri,ニンジン,黄色,Piemonte,PAT,pending
IT-VEG-HRB-002,Basilico Napoletano,ナポリ・バジル,Neapolitan Basil,バジル|ハーブ,レタス葉型,Campania,PAT,pending
IT-VEG-BEN-007,Fagiolo Zolfino,ゾルフィーノ豆,Zolfino Bean,インゲン豆,ゾルフィーノ,Toscana,PAT,pending
IT-VEG-GBN-001,Meraviglia di Venezia,メラヴィリア・ディ・ヴェネツィア,Marvel of Venice,ファジョーリニ,黄色平サヤ,Veneto,PAT,pending
IT-VEG-GBN-002,Stortino di Lucca,ストルティーノ・ディ・ルッカ,Stortino of Lucca,ファジョーリニ,湾曲黄色,Toscana,PAT,pending
IT-VEG-GBN-003,Anellino di Trento,アネッリーノ・ディ・トレント,Anellino of Trento,ファジョーリニ,紫縞,Trentino-Alto Adige,PAT,pending
IT-VEG-GBN-004,Fagiolino di Sant'Anna,ファジョリーノ・ディ・サンタンナ,Sant'Anna Green Bean,ファジョーリニ,極長サヤ,Toscana,PAT,pending
IT-VEG-GBN-005,Fagiolo a Pisello,ファジョーロ・ア・ピゼッロ,Pea-shaped Bean,ファジョーリニ,丸サヤ,Campania,PAT,pending
IT-VEG-GBN-006,Trionfo Violetto,トリオンフォ・ヴィオレット,Purple Triumph,ファジョーリニ,紫色,Veneto,Traditional,pending
IT-VEG-GBN-007,Fagiolina del Trasimeno,ファジョリーナ・デル・トラジメーノ,Fagiolina of Trasimeno,ファジョーリニ,古代種(Vigna),Umbria,Presidio,pending
IT-VEG-FEN-002,Finocchio di Sarno,サルノのフェンネル,Fennel of Sarno,フェンネル,野菜用(grumolo),Campania,PAT,pending
IT-VEG-FEN-003,Finocchio di Tarquinia,タルクイニアのフェンネル,Fennel of Tarquinia,フェンネル,在来種,Lazio,Presidio,pending
IT-VEG-LEK-001,Porro di Cervere,チェルヴェーレのポロ,Leek of Cervere,ポロ（リーキ）,軟白栽培,Piemonte,PAT/Presidio,pending
IT-VEG-LEK-002,Porro Lungo Dolce di Carmagnola,カルマニョーラの長甘ポロ,Long Sweet Leek of Carmagnola,ポロ（リーキ）,大型種(150cm),Piemonte,PAT,pending
IT-VEG-LEK-003,Porro di Massignano,マッシニャーノのポロ,Leek of Massignano,ポロ（リーキ）,在来種,Marche,Traditional,pending
IT-VEG-LEK-004,Porro di Nosellari,ノゼッラリのポロ,Leek of Nosellari,ポロ（リーキ）,山岳在来種,Trentino-Alto Adige,Presidio,pending
IT-VEG-CLF-002,Cavolfiore Violetto di Sicilia,シチリアの紫カリフラワー,Violet Cauliflower of Sicily,カリフラワー,紫(ヴィオレット),Sicilia,PAT,pending
IT-VEG-CLF-003,Cima di Cola,チーマ・ディ・コーラ,Cima di Cola Cauliflower,カリフラワー,緑(古形態),Puglia,PAT,pending
IT-VEG-CLF-004,Cavolfiore di Moncalieri,モンカリエーリのカリフラワー,Cauliflower of Moncalieri,カリフラワー,クリーム色,Piemonte,Presidio,pending
IT-VEG-CLF-005,Cavolfiore Fiorentino Tardivo,フィレンツェの晩生カリフラワー,Late Florentine Cauliflower,カリフラワー,晩生種,Toscana,PAT,pending
IT-VEG-ZUC-008,Zucchina Tonda Fiorentina,丸型フィレンツェズッキーニ,Round Florentine Zucchini,ズッキーニ,丸型,Toscana,PAT,pending
IT-VEG-ZUC-009,Zucchina Mora Pisana,ピサの黒ズッキーニ,Pisan Dark Zucchini,ズッキーニ,黒(モーラ),Toscana,PAT,pending
IT-VEG-ZUC-010,Zucchino Genovese,ジェノヴァのズッキーニ,Genovese Zucchini,ズッキーニ,ジェノヴァ系,Liguria,PAT,pending
IT-VEG-ZUC-011,Zucchino Alberello di Sarzana,サルザーナのアルベレッロ,Alberello Zucchini of Sarzana,ズッキーニ,灌木型,Liguria,PAT,pending
IT-VEG-CHI-011,Radicchio Rosso di Dosson,ドッソンの赤ラディッキオ,Red Radicchio of Dosson,チコリー|ラディッキオ,赤ラディッキオ,Veneto,De.Co.,pending
IT-VEG-EGG-001,Melanzana Rossa di Rotonda,ロトンダの赤ナス,Red Eggplant of Rotonda,ナス,赤ナス,Basilicata,DOP,pending
IT-VEG-EGG-002,Melanzana Violetta di Longobardi,ロンゴバルディの紫ナス,Purple Eggplant of Longobardi,ナス,紫ナス,Calabria,Presidio,pending
IT-VEG-EGG-003,Melanzana Bianca di Senise,セニーゼの白ナス,White Eggplant of Senise,ナス,白ナス,Basilicata,PAT,pending
IT-VEG-EGG-004,Melanzana Violetta di Ostuni,オストゥーニの紫ナス,Purple Eggplant of Ostuni,ナス,紫ナス,Puglia,Presidio,pending
IT-VEG-OLV-001,Olio Terra di Bari,テッラ・ディ・バーリ オリーブオイル,Terra di Bari Olive Oil,オリーブ,オリーブオイル,Puglia,DOP,pending
IT-VEG-OLV-002,Olio Chianti Classico,キアンティ・クラシコ オリーブオイル,Chianti Classico Olive Oil,オリーブ,オリーブオイル,Toscana,DOP,pending
IT-VEG-OLV-003,Olio Riviera Ligure,リヴィエラ・リグーレ オリーブオイル,Riviera Ligure Olive Oil,オリーブ,オリーブオイル,Liguria,DOP,pending
IT-VEG-OLV-004,Olio Toscano,トスカーナ オリーブオイル,Toscano Olive Oil,オリーブ,オリーブオイル,Toscana,IGP,pending
IT-VEG-OLV-005,Olio di Puglia,プーリア オリーブオイル,Puglia Olive Oil,オリーブ,オリーブオイル,Puglia,IGP,pending
IT-VEG-PEP-003,Peperone di Carmagnola,カルマニョーラのペペローネ,Carmagnola Pepper,ピーマン,甘味大型種,Piemonte,PAT,pending
IT-VEG-PEP-004,Peperone Quadrato della Motta,モッタの正方形ペペローネ,Square Pepper of Motta di Costigliole,ピーマン,正方形種,Piemonte,Presidio,pending
IT-VEG-PEP-005,Peperone di Capriglio,カプリリオのペペローネ,Capriglio Pepper,ピーマン,心臓型,Piemonte,Presidio,pending
IT-VEG-PEP-006,Papaccella Napoletana,パパッチェッラ・ナポレターナ,Neapolitan Papaccella Pepper,ピーマン,球形酢漬種,Campania,Presidio,pending
IT-VEG-PEP-007,Peperone di Pontecorvo,ポンテコルヴォのペペローネ,Pontecorvo Pepper,ピーマン,コルネット型,Lazio,DOP,pending
IT-VEG-PEP-008,Peperone di Senise,セニーゼのペペローネ,Senise Pepper,ピーマン,乾燥種,Basilicata,IGP,pending
IT-VEG-LMN-001,Limone Costa d'Amalfi,アマルフィ海岸のレモン,Amalfi Coast Lemon,レモン,スフザート・アマルフィターノ,Campania,IGP,pending
IT-VEG-LMN-002,Limone di Sorrento,ソレントのレモン,Sorrento Lemon,レモン,フェミネッロ・オヴァーレ,Campania,IGP,pending
IT-VEG-LMN-003,Limone Interdonato Messina,インテルドナート・レモン,Interdonato Lemon of Messina,レモン,インテルドナート,Sicilia,IGP,pending
IT-VEG-LMN-004,Limone di Rocca Imperiale,ロッカ・インペリアーレのレモン,Rocca Imperiale Lemon,レモン,フェミネッロ・コムーネ,Calabria,IGP,pending
IT-VEG-LMN-005,Limone Femminello del Gargano,ガルガーノのフェミネッロ・レモン,Femminello Lemon of Gargano,レモン,フェミネッロ・デル・ガルガーノ,Puglia,IGP,pending
IT-VEG-LMN-006,Sa Pompia,サ・ポンピア,Sa Pompia Citrus,レモン,ポンピア,Sardegna,Presidio,pending
IT-VEG-LNT-004,Lenticchia di Ustica,ウスティカ島のレンズ豆,Ustica Lentil,レンズ豆,極小粒種,Sicilia,Presidio,pending
IT-VEG-LNT-005,Lenticchia di Villalba,ヴィッラルバのレンズ豆,Villalba Lentil,レンズ豆,高鉄分種,Sicilia,Presidio,pending
IT-VEG-LNT-006,Lenticchia di Altamura,アルタムラのレンズ豆,Altamura Lentil,レンズ豆,大粒種,Puglia,IGP,pending
IT-VEG-LNT-007,Lenticchia di Castelluccio di Norcia,カステッルッチョ・ディ・ノルチャのレンズ豆,Castelluccio di Norcia Lentil,レンズ豆,小粒種,Umbria,IGP,pending
IT-VEG-LNT-008,Lenticchia di Onano,オナノのレンズ豆,Onano Lentil,レンズ豆,火山性土壌種,Lazio,PAT,pending
IT-VEG-RIC-001,Riso di Baraggia Biellese e Vercellese,バラッジャの米,Baraggia Rice,米,リゾット用米,Piemonte,DOP,pending
IT-VEG-RIC-002,Riso Nano Vialone Veronese,ナノ・ヴィアローネ・ヴェロネーゼ,Nano Vialone Veronese Rice,米,中粒種,Veneto,IGP,pending
IT-VEG-RIC-003,Riso del Delta del Po,ポー川デルタの米,Po Delta Rice,米,リゾット用米,Veneto,IGP,pending
IT-VEG-RIC-004,Riso di Grumolo delle Abbadesse,グルーモロ・デッレ・アッバデッセの米,Grumolo delle Abbadesse Rice,米,伝統栽培米,Veneto,Presidio,pending
IT-VEG-WHT-001,Farro della Garfagnana,ガルファニャーナのファッロ,Garfagnana Emmer Wheat,小麦,二粒小麦,Toscana,IGP,pending
IT-VEG-WHT-002,Grano Senatore Cappelli,セナトーレ・カッペッリ,Senatore Cappelli Durum Wheat,小麦,硬質小麦,Puglia,PAT,pending
IT-VEG-WHT-003,Grano Tumminia,トゥンミニア,Tumminia Durum Wheat,小麦,古代硬質小麦,Sicilia,Presidio,pending
IT-VEG-WHT-004,Grano Solina,ソリーナ,Solina Soft Wheat,小麦,軟質小麦,Abruzzo,Presidio,pending
IT-VEG-WHT-005,Grano Russello,ルッセッロ,Russello Durum Wheat,小麦,古代硬質小麦,Sicilia,Presidio,pending
IT-VEG-FIG-001,Fico Bianco del Cilento,チレントの白イチジク,White Fig of Cilento,イチジク,乾燥イチジク,Campania,DOP,pending
IT-VEG-FIG-002,Fichi di Cosenza,コゼンツァのイチジク,Figs of Cosenza,イチジク,乾燥イチジク,Calabria,DOP,pending
IT-VEG-FIG-003,Figo Moro da Caneva,カネヴァの黒イチジク,Black Fig of Caneva,イチジク,生食用イチジク,Friuli Venezia Giulia,Presidio,pending
IT-VEG-FIG-004,Fico Mandorlato di San Michele Salentino,サン・ミケーレ・サレンティーノのアーモンド入りイチジク,Almond Fig of San Michele Salentino,イチジク,乾燥加工品,Puglia,Presidio,pending
IT-VEG-FIG-005,Fico di San Mango,サン・マンゴのイチジク,Fig of San Mango,イチジク,生食用イチジク,Campania,PAT,pending
IT-VEG-MLN-001,Melone Mantovano,マントヴァのメロン,Mantua Melon,メロン,網目メロン,Lombardia,IGP,pending
IT-VEG-MLN-002,Antichi Meloni Reggiani,レッジョ・エミリアの古代メロン,Ancient Reggian Melons,メロン,伝統品種メロン,Emilia-Romagna,Presidio,pending
IT-VEG-MLN-003,Melone Cartucciaru di Paceco,パチェーコのカルッチュアル・メロン,Cartucciaru Melon of Paceco,メロン,冬メロン,Sicilia,Presidio,pending
IT-VEG-MLN-004,Melone Retato di Calvenzano,カルヴェンツァーノの網目メロン,Netted Melon of Calvenzano,メロン,大型網目メロン,Lombardia,Presidio,pending
IT-VEG-MLN-005,Purceddu d'Alcamo,アルカモのプルチェッドゥ,Purceddu of Alcamo,メロン,冬メロン,Sicilia,PAT,pending
IT-VEG-LUP-001,Lupino Gigante di Vairano,ヴァイラーノの巨大ルピニ豆,Giant Lupin of Vairano,ルピニ豆,大粒白ルピナス,Campania,Presidio,pending
IT-VEG-LUP-002,Lupino di Anterivo,アンテリーヴォのルピニ豆,Lupin of Anterivo,ルピニ豆,焙煎用ルピナス,Trentino-Alto Adige,PAT,pending
IT-VEG-LUP-003,Lupino del Pollino,ポッリーノのルピニ豆,Lupin of Pollino,ルピニ豆,白ルピナス,Basilicata,PAT,pending
IT-VEG-LUP-004,Lupino bianco del Tavoliere,タヴォリエレの白ルピニ豆,White Lupin of Tavoliere,ルピニ豆,白ルピナス,Puglia,PAT,pending
IT-VEG-PPC-001,Peperoncino di Calabria,カラブリアのペペロンチーノ,Chili Pepper of Calabria,ペペロンチーノ,辛味トウガラシ,Calabria,IGP,pending
IT-VEG-PPC-002,Peperoncino di 7 anni,7年トウガラシ,Seven-Year Chili Pepper,ペペロンチーノ,詰め物用トウガラシ,Puglia,PAT,pending
IT-VEG-PPC-003,Lazzaretto Abruzzese,ラッツァレット・アブルッツェーゼ,Lazzaretto Abruzzese,ペペロンチーノ,カイエンナ系選抜種,Abruzzo,PAT,pending
IT-VEG-PPC-004,Friariello napoletano,フリアリエッロ・ナポレターノ,Neapolitan Friariello,ペペロンチーノ,甘味小型トウガラシ,Campania,PAT,pending
IT-VEG-RSM-001,Rosmarino di Montevecchia,モンテヴェッキアのローズマリー,Rosemary of Montevecchia,ローズマリー,生鮮・乾燥ハーブ,Lombardia,PAT,pending
IT-VEG-RSM-002,Rosmarino di Villarosa,ヴィッラローザのローズマリー,Rosemary of Villarosa,ローズマリー,乾燥ハーブ,Sicilia,PAT,pending
IT-VEG-AGR-001,Agretti (Liscari),リスカリ（アグレッティ）,Agretti (Liscari),アグレッティ,伝統野菜,Emilia-Romagna,PAT,pending
IT-VEG-AGR-002,Agretti di Roma,ローマのアグレッティ,Roman Agretti,アグレッティ,伝統野菜,Lazio,PAT,pending
IT-VEG-RUC-001,Rucola della Piana del Sele,ピアーナ・デル・セーレのルッコラ,Piana del Sele Rocket,ルッコラ,セルヴァーティカ（野生種）,Campania,IGP,pending
IT-VEG-LET-001,Insalata di Lusia,ルージアのインサラータ,Lusia Lettuce,レタス,カプッチャ,Veneto,IGP,pending
IT-VEG-LET-002,Lattughino di Moncalieri,モンカリエーリのラットゥギーノ,Moncalieri Baby Lettuce,レタス,パレッラ,Piemonte,PAT,pending
IT-VEG-LET-003,Lattuga Signorinella di Formia,フォルミアのシニョリネッラ,Formia Signorinella Lettuce,レタス,シニョリネッラ,Lazio,PAT,pending
IT-VEG-LET-004,Lattuga di Sestu,セストゥのレタス,Sestu Lettuce,レタス,結球型大型品種,Sardegna,PAT,pending
IT-VEG-RAD-001,Ravanello Lungo o Tabasso,ラバネッロ・ルンゴ,Long Radish (Tabasso),ラディッシュ,長ラディッシュ,Piemonte,PAT,pending
IT-VEG-RAD-002,Ravanello Lungo di Sestu,セストゥの長ラディッシュ,Sestu Long Radish,ラディッシュ,長ラディッシュ,Sardegna,PAT,pending
IT-VEG-SAG-001,Salvia di Montevecchia,モンテヴェッキアのセージ,Montevecchia Sage,セージ,地域固有エコタイプ,Lombardia,PAT,pending
IT-VEG-SAG-002,Salvia di Puglia,プーリアのセージ,Apulian Sage,セージ,伝統セージ,Puglia,PAT,pending
IT-HZL-001,Tonda Gentile Trilobata,トンダ・ジェンティーレ・トリロバータ,Tonda Gentile Trilobata,ヘーゼルナッツ,Piemonte,Piemonte (Cuneo/Asti/Alessandria),IGP,pending
IT-HZL-002,Tonda Gentile Romana,トンダ・ジェンティーレ・ロマーナ,Tonda Gentile Romana,ヘーゼルナッツ,Romana,Lazio (Viterbo),DOP,pending
IT-HZL-003,Nocchione,ノッキオーネ,Nocchione,ヘーゼルナッツ,Romana,Lazio (Viterbo),DOP,pending
IT-HZL-004,Tonda di Giffoni,トンダ・ディ・ジッフォーニ,Tonda di Giffoni,ヘーゼルナッツ,Giffoni,Campania (Salerno),IGP,pending
IT-PER-001,Abate Fetel,アバーテ・フェテル,Abate Fetel,西洋梨,Emilia Romagna,Emilia-Romagna,IGP,pending
IT-PER-002,Conference,コンフェレンス,Conference,西洋梨,,Emilia-Romagna,IGP,pending
IT-PER-003,Kaiser,カイザー,Kaiser,西洋梨,,Emilia-Romagna,IGP,pending
IT-PER-004,William,ウィリアム,William,西洋梨,,Emilia-Romagna,IGP,pending
IT-PER-005,Pera Mantovana,ペーラ・マントヴァーナ,Mantua Pear,西洋梨,Mantovana,Lombardia (Mantova),IGP,pending
IT-PER-006,Pera Volpina,ペーラ・ヴォルピーナ,Volpina Pear,西洋梨,Tradizionale,Emilia-Romagna (Romagna),Tradizionale,pending
IT-PER-007,Pera Cocomerina,ペーラ・ココメリーナ,Cocomerina Pear,西洋梨,Tradizionale,Emilia-Romagna,Slow Food Presidio,pending
IT-PER-008,Pera Madernassa,ペーラ・マデルナッサ,Madernassa Pear,西洋梨,Tradizionale,Piemonte (Cuneo),Tradizionale,pending
IT-PER-009,Martin Sec,マルティン・セック,Martin Sec,西洋梨,Tradizionale,Piemonte,Tradizionale,pending
IT-PER-010,Pera Coscia,ペーラ・コッチャ,Coscia Pear,西洋梨,Tradizionale,Sicilia,Tradizionale,pending
IT-CAP-001,Cappero di Pantelleria (Nocellara),カッペロ・ディ・パンテッレリーア,Pantelleria Caper,カッペリ,Nocellara,Sicilia (Pantelleria),IGP,pending
IT-CAP-002,Cappero delle Isole Eolie (Nocellara),カッペロ・デッレ・イーゾレ・エオリエ,Aeolian Islands Caper,カッペリ,Nocellara,Sicilia (Isole Eolie),DOP,pending
IT-CAP-003,Cappero delle Isole Eolie (Nocella),カッペロ・デッレ・イーゾレ・エオリエ,Aeolian Islands Caper,カッペリ,Nocella,Sicilia (Isole Eolie),DOP,pending
IT-CAP-004,Cappero delle Isole Eolie (Spinoso di Salina),カッペロ・デッレ・イーゾレ・エオリエ,Aeolian Islands Caper,カッペリ,Spinoso di Salina,Sicilia (Salina),DOP,pending
IT-BET-001,Barbabietola di Chioggia,バルバビエートラ・ディ・キオッジャ,Chioggia Beet,ビーツ,Chioggia,Veneto (Chioggia),PAT,pending
IT-PSN-001,Pastinaca di Capitignano,パスティナーカ・ディ・カピティニャーノ,Capitignano Parsnip,パースニップ,,Abruzzo (L'Aquila),Slow Food Presidio,pending
IT-CST-001,Castagna di Montella (Palommina),カスターニャ・ディ・モンテッラ,Montella Chestnut,栗,Palommina,Campania (Avellino),IGP,pending
IT-CST-002,Marrone del Mugello,マッローネ・デル・ムジェッロ,Mugello Marrone,栗,,Toscana (Firenze),IGP,pending
IT-CST-003,Castagna Cuneo,カスターニャ・クーネオ,Cuneo Chestnut,栗,,Piemonte (Cuneo),IGP,pending
IT-CST-004,Castagna del Monte Amiata,カスターニャ・デル・モンテ・アミアータ,Monte Amiata Chestnut,栗,,Toscana (Amiata),IGP,pending
IT-CST-005,Marrone di San Zeno,マッローネ・ディ・サン・ゼーノ,San Zeno Marrone,栗,,Veneto (Verona),DOP,pending
IT-CST-006,Castagna di Vallerano,カスターニャ・ディ・ヴァッレラーノ,Vallerano Chestnut,栗,,Lazio (Viterbo),DOP,pending
IT-CST-007,Farina di Castagne della Lunigiana,ファリーナ・ディ・カスターニェ・デッラ・ルニジャーナ,Lunigiana Chestnut Flour,栗,Farina,Toscana (Lunigiana),DOP,pending
IT-CST-008,Marrone di Castel del Rio,マッローネ・ディ・カステル・デル・リオ,Castel del Rio Marrone,栗,,Emilia-Romagna (Bologna),IGP,pending
IT-CST-009,Castagna di Roccamonfina,カスターニャ・ディ・ロッカモンフィナ,Roccamonfina Chestnut,栗,,Campania (Caserta),IGP,pending
IT-CST-010,Marrone di Serino,マッローネ・ディ・セリーノ,Serino Marrone,栗,,Campania (Avellino),IGP,pending
IT-ORA-001,Arancia Rossa di Sicilia (Tarocco),アランチャ・ロッサ・ディ・シチリア,Sicilian Blood Orange,オレンジ,Tarocco,Sicilia (Catania/Enna/Siracusa),IGP,pending
IT-ORA-002,Arancia Rossa di Sicilia (Moro),アランチャ・ロッサ・ディ・シチリア,Sicilian Blood Orange,オレンジ,Moro,Sicilia (Catania),IGP,pending
IT-ORA-003,Arancia Rossa di Sicilia (Sanguinello),アランチャ・ロッサ・ディ・シチリア,Sicilian Blood Orange,オレンジ,Sanguinello,Sicilia (Catania),IGP,pending
IT-ORA-004,Arancia di Ribera (Washington Navel),アランチャ・ディ・リベラ,Ribera Orange,オレンジ,Washington Navel,Sicilia (Agrigento),DOP,pending
IT-ORA-005,Arancia di Ribera (Brasiliano),アランチャ・ディ・リベラ,Ribera Orange,オレンジ,Brasiliano,Sicilia (Agrigento),DOP,pending
IT-ORA-006,Arancia di Ribera (Navelina),アランチャ・ディ・リベラ,Ribera Orange,オレンジ,Navelina,Sicilia (Agrigento),DOP,pending
IT-ORA-007,Arancia del Gargano (Bionda),アランチャ・デル・ガルガーノ,Gargano Orange,オレンジ,Bionda,Puglia (Foggia),IGP,pending
IT-ORA-008,Arancia del Gargano (Duretta),アランチャ・デル・ガルガーノ,Gargano Orange,オレンジ,Duretta,Puglia (Foggia),IGP,pending
IT-ORA-009,Arancia di Sorrento,アランチャ・ディ・ソッレント,Sorrento Orange,オレンジ,,Campania (Napoli),PAT,pending
IT-ORA-010,Arancia di Pagani,アランチャ・ディ・パガーニ,Pagani Orange,オレンジ,,Campania (Salerno),PAT,pending
IT-MAI-001,Mais Marano,マイス・マラーノ,Marano Corn,トウモロコシ,,Veneto (Vicenza),PAT,pending
IT-MAI-002,Mais Biancoperla,マイス・ビアンコペルラ,Biancoperla Corn,トウモロコシ,,Veneto,PAT/Slow Food,pending
IT-MAI-003,Mais Spinato di Gandino,マイス・スピナート・ディ・ガンディーノ,Gandino Spinato Corn,トウモロコシ,,Lombardia (Bergamo),De.C.O.,pending
IT-MAI-004,Mais Nostrano di Storo,マイス・ノストラーノ・ディ・ストーロ,Storo Corn,トウモロコシ,,Trentino,PAT,pending
IT-MAI-005,Mais Ottofile,マイス・オットフィーレ,Eight-Row Corn,トウモロコシ,,Piemonte,PAT,pending
IT-MAI-006,Mais Rostrato Rosso di Rovetta,マイス・ロストラート・ロッソ,Rovetta Red Rostrato Corn,トウモロコシ,,Lombardia (Bergamo),PAT,pending
IT-MAI-007,Mais Triguxianu,マイス・トリグシアヌ,Triguxianu Corn,トウモロコシ,,Sardegna,PAT,pending
IT-ZUC-001,Zucca Marina di Chioggia,ズッカ・マリーナ・ディ・キオッジャ,Chioggia Sea Pumpkin,カボチャ,,Veneto (Chioggia),PAT,pending
IT-ZUC-002,Zucca Mantovana,ズッカ・マントヴァーナ,Mantua Pumpkin,カボチャ,,Lombardia (Mantova),PAT,pending
IT-ZUC-003,Zucca Berrettina di Lungavilla,ズッカ・ベレッティーナ,Lungavilla Berrettina Pumpkin,カボチャ,,Lombardia (Pavia),PAT,pending
IT-ZUC-004,Zucca Violina di Ferrara,ズッカ・ヴィオリーナ,Ferrara Violin Pumpkin,カボチャ,,Emilia-Romagna (Ferrara),PAT,pending
IT-ZUC-005,Zucca Lunga di Napoli,ズッカ・ルンガ・ディ・ナポリ,Naples Long Pumpkin,カボチャ,,Campania (Napoli),PAT,pending
IT-BWH-001,Grano Saraceno di Valtellina,グラノ・サラチェーノ・ディ・ヴァルテッリーナ,Valtellina Buckwheat,そば,,Lombardia (Sondrio),IGP (via Pizzoccheri),pending
IT-BWH-002,Grano Saraceno di Terragnolo,グラノ・サラチェーノ・ディ・テッラニョーロ,Terragnolo Buckwheat,そば,,Trentino,Slow Food Presidio,pending
IT-VEG-CHP-001,Puntarelle di Galatina,ガラティーナのプンタレッレ,Galatina Puntarelle,チコリー|プンタレッレ,プンタレッレ,Puglia,PAT,pending
IT-VEG-CHP-002,Puntarelle Molfettese,モルフェッタのプンタレッレ,Molfetta Puntarelle,チコリー|プンタレッレ,プンタレッレ,Puglia,PAT,pending
IT-VEG-CHP-003,Cicoria Catalogna Frastagliata di Gaeta,ガエータのカタローニャ・フラスタリアータ,Fringed Catalogna of Gaeta,チコリー|プンタレッレ,カタローニャ,Lazio,PAT,pending
